Model,MAE,RMSE
KNN,1.9420000000000002,2.3958004925285405
Random Forest,1.6411249999999988,2.1621517002745194
